Metric,Training,Testing
MAE,1.6701756411490438,1.6154362214770555
RMSE,2.047044838082638,2.080733396754835
R2_Score,0.9836143467151275,0.9828891012260335
